model,test_name,t_s_mean,t_s_std,t_s_req_mean,t_s_req_std,peak_ts_mean,peak_ts_std,peak_ts_req_mean,peak_ts_req_std,ttfr_mean,ttfr_std,est_ppt_mean,est_ppt_std,e2e_ttft_mean,e2e_ttft_std
nvidia/Gemma-4-31B-it-NVFP4,pp2048,1107.3718592977725,229.70975900378878,1107.3718592977725,229.70975900378878,,,,,1934.52443931407,393.57346518869633,1931.1184456649546,393.5734651886962,1934.52443931407,393.57346518869633
nvidia/Gemma-4-31B-it-NVFP4,tg32,6.597017965197678,0.040321162477473284,6.597017965197678,0.040321162477473284,7.0,0.0,7.0,0.0,,,,,,
