{
  "version": "0.3.5",
  "timestamp": "2026-04-23 17:12:38Z",
  "latency_mode": "api",
  "latency_ms": 3.4059936491151652,
  "model": "nvidia/Gemma-4-31B-it-NVFP4",
  "prefix_caching_enabled": true,
  "max_concurrency": 1,
  "benchmarks": [
    {
      "concurrency": 1,
      "context_size": 0,
      "prompt_size": 2048,
      "response_size": 32,
      "is_context_prefill_phase": false,
      "pp_throughput": {
        "mean": 1107.3718592977725,
        "std": 229.70975900378878,
        "values": [
          846.0878197925143,
          1070.837779989474,
          1405.1899781113293
        ]
      },
      "pp_req_throughput": {
        "mean": 1107.3718592977725,
        "std": 229.70975900378878,
        "values": [
          846.0878197925143,
          1070.837779989474,
          1405.1899781113293
        ]
      },
      "tg_throughput": {
        "mean": 6.597017965197678,
        "std": 0.040321162477473284,
        "values": [
          6.623953849531253,
          6.54002373423115,
          6.627076311830631
        ]
      },
      "tg_req_throughput": {
        "mean": 6.597017965197678,
        "std": 0.040321162477473284,
        "values": [
          6.623953849531253,
          6.54002373423115,
          6.627076311830631
        ]
      },
      "peak_throughput": {
        "mean": 7.0,
        "std": 0.0,
        "values": [
          7.0,
          7.0,
          7.0
        ]
      },
      "peak_req_throughput": {
        "mean": 7.0,
        "std": 0.0,
        "values": [
          7.0,
          7.0,
          7.0
        ]
      },
      "ttfr": {
        "mean": 1934.52443931407,
        "std": 393.57346518869633,
        "values": [
          2425.1404189271852,
          1916.8610830092803,
          1461.571816005744
        ]
      },
      "est_ppt": {
        "mean": 1931.1184456649546,
        "std": 393.5734651886962,
        "values": [
          2421.73442527807,
          1913.4550893601652,
          1458.165822356629
        ]
      },
      "e2e_ttft": {
        "mean": 1934.52443931407,
        "std": 393.57346518869633,
        "values": [
          2425.1404189271852,
          1916.8610830092803,
          1461.571816005744
        ]
      },
      "throughput_over_time": null,
      "requests_throughput_over_time": null
    }
  ]
}